Symbol,Name,LastSale,MarketCap,ADR TSO,Country,IPOyear,Sector,Industry,Summary Quote
AXAS,Abraxas Petroleum Corporation,2.39,398444923.2,n/a,United States,n/a,Energy,Oil & Gas Production,https://www.nasdaq.com/symbol/axas
AE,"Adams Resources & Energy, Inc.",41.05,173132315.8,n/a,United States,n/a,Energy,Oil Refining/Marketing,https://www.nasdaq.com/symbol/ae
ALE,"Allete, Inc.",74.35,3818661800,n/a,United States,n/a,Public Utilities,Power Generation,https://www.nasdaq.com/symbol/ale
ARLP,"Alliance Resource Partners, L.P.",20.25,2660234279,n/a,United States,1999,Energy,Coal Mining,https://www.nasdaq.com/symbol/arlp
LNT,Alliant Energy Corporation,42.24,9874567634,n/a,United States,n/a,Public Utilities,Power Generation,https://www.nasdaq.com/symbol/lnt
AMR,"Alta Mesa Resources, Inc.",4.15,1593519411,n/a,United States,2017,Energy,Oil & Gas Production,https://www.nasdaq.com/symbol/amr
AMRWW,"Alta Mesa Resources, Inc.",0.48,0,n/a,United States,2017,Energy,Oil & Gas Production,https://www.nasdaq.com/symbol/amrww
AEE,Ameren Corporation,63.02,15379399540,n/a,United States,n/a,Public Utilities,Power Generation,https://www.nasdaq.com/symbol/aee
AEP,"American Electric Power Company, Inc.",69.81,34411726589,n/a,United States,n/a,Public Utilities,Electric Utilities: Central,https://www.nasdaq.com/symbol/aep
AMID,"American Midstream Partners, LP",5.8,307290206,n/a,United States,2011,Public Utilities,Natural Gas Distribution,https://www.nasdaq.com/symbol/amid
APC,Anadarko Petroleum Corporation,66.82,34216855710,n/a,United States,n/a,Energy,Oil & Gas Production,https://www.nasdaq.com/symbol/apc
ANDV,Andeavor,157.29,23770606495,n/a,United States,n/a,Energy,Integrated oil Companies,https://www.nasdaq.com/symbol/andv
ANDX,Andeavor Logistics LP,49.02,12033073862,n/a,United States,2011,Energy,Natural Gas Distribution,https://www.nasdaq.com/symbol/andx
AMGP,Antero Midstream GP LP,17.17,3197214866,n/a,United States,2017,Public Utilities,Natural Gas Distribution,https://www.nasdaq.com/symbol/amgp
AM,Antero Midstream Partners LP,29.2,5461728571,n/a,United States,2014,Public Utilities,Natural Gas Distribution,https://www.nasdaq.com/symbol/am
APA,Apache Corporation,47.78,18275178834,n/a,United States,n/a,Energy,Oil & Gas Production,https://www.nasdaq.com/symbol/apa
AREX,Approach Resources Inc.,2.21,208815936.3,n/a,United States,2007,Energy,Oil & Gas Production,https://www.nasdaq.com/symbol/arex
ARCH,"Arch Coal, Inc.",94.52,1851433941,n/a,United States,2016,Energy,Coal Mining,https://www.nasdaq.com/symbol/arch
AROC,"Archrock, Inc.",12.15,1572387949,n/a,United States,n/a,Public Utilities,Natural Gas Distribution,https://www.nasdaq.com/symbol/aroc
AT,Atlantic Power Corporation,2.15,240083923.2,n/a,United States,n/a,Energy,Electric Utilities: Central,https://www.nasdaq.com/symbol/at
ATO,Atmos Energy Corporation,93.5,10397259092,n/a,United States,n/a,Public Utilities,Oil/Gas Transmission,https://www.nasdaq.com/symbol/ato
AGR,"Avangrid, Inc.",47.55,14693200684,n/a,United States,2015,Public Utilities,Electric Utilities: Central,https://www.nasdaq.com/symbol/agr
AVA,Avista Corporation,50.59,3323155920,n/a,United States,n/a,Public Utilities,Power Generation,https://www.nasdaq.com/symbol/ava
BRN,"Barnwell Industries, Inc.",1.8624,15415382.78,n/a,United States,n/a,Energy,Oil & Gas Production,https://www.nasdaq.com/symbol/brn
BAS,"Basic Energy Services, Inc.",10.45,276619337.5,n/a,United States,2005,Energy,Oilfield Services/Equipment,https://www.nasdaq.com/symbol/bas
BTE,Baytex Energy Corp,2.94,1627449807,n/a,Canada,n/a,Energy,Oil & Gas Production,https://www.nasdaq.com/symbol/bte
BXE,Bellatrix Exploration Ltd,0.938,57933669.61,n/a,Canada,n/a,Energy,Oil & Gas Production,https://www.nasdaq.com/symbol/bxe
BRY,Berry Petroleum Corporation,16.9803,1381122620,n/a,United States,2018,Energy,Oil & Gas Production,https://www.nasdaq.com/symbol/bry
BKH,Black Hills Corporation,57.52,3082777268,n/a,United States,n/a,Public Utilities,Electric Utilities: Central,https://www.nasdaq.com/symbol/bkh
BKHU,Black Hills Corporation,62.11,0,n/a,United States,2015,Public Utilities,Electric Utilities: Central,https://www.nasdaq.com/symbol/bkhu
BSM,"Black Stone Minerals, L.P.",18.4,3723488234,n/a,United States,2015,Energy,Oil & Gas Production,https://www.nasdaq.com/symbol/bsm
BKEP,"Blueknight Energy Partners L.P., L.L.C.",2.3,92890113.8,n/a,United States,2011,Energy,Natural Gas Distribution,https://www.nasdaq.com/symbol/bkep
BKEPP,"Blueknight Energy Partners L.P., L.L.C.",6.28,189396127.3,n/a,United States,n/a,Energy,Natural Gas Distribution,https://www.nasdaq.com/symbol/bkepp
BCEI,"Bonanza Creek Energy, Inc.",29.27,601237118.9,n/a,United States,2017,Energy,Oil & Gas Production,https://www.nasdaq.com/symbol/bcei
BPMP,BP Midstream Partners LP,18.29,1915897070,n/a,United States,2017,Energy,Natural Gas Distribution,https://www.nasdaq.com/symbol/bpmp
BPT,BP Prudhoe Bay Royalty Trust,34.05,728670000,n/a,United States,n/a,Energy,Integrated oil Companies,https://www.nasdaq.com/symbol/bpt
BCO,Brink&#39;s Company (The),71.1,3622674047,n/a,United States,n/a,Transportation,Oil Refining/Marketing,https://www.nasdaq.com/symbol/bco
BPL,Buckeye Partners L.P.,35.46,5439004228,n/a,United States,1986,Energy,Natural Gas Distribution,https://www.nasdaq.com/symbol/bpl
CHRW,"C.H. Robinson Worldwide, Inc.",96.19,13326595359,n/a,United States,1997,Transportation,Oil Refining/Marketing,https://www.nasdaq.com/symbol/chrw
COG,Cabot Oil & Gas Corporation,23.24,10252962404,n/a,United States,1990,Energy,Oil & Gas Production,https://www.nasdaq.com/symbol/cog
CPE,Callon Petroleum Company,12.1,2753572026,n/a,United States,n/a,Energy,Oil & Gas Production,https://www.nasdaq.com/symbol/cpe
CPE^A,Callon Petroleum Company,51.03,0,n/a,United States,n/a,Energy,Oil & Gas Production,https://www.nasdaq.com/symbol/cpe^a
CLMT,"Calumet Specialty Products Partners, L.P.",6.425,495362886.9,n/a,United States,2006,Energy,Integrated oil Companies,https://www.nasdaq.com/symbol/clmt
CEI,"Camber Energy, Inc.",0.45,18021114.9,n/a,United States,n/a,Energy,Oil & Gas Production,https://www.nasdaq.com/symbol/cei
CNQ,Canadian Natural Resources Limited,32.74,39891989550,n/a,Canada,n/a,Energy,Oil & Gas Production,https://www.nasdaq.com/symbol/cnq
CRZO,"Carrizo Oil & Gas, Inc.",25.99,2134155647,n/a,United States,1997,Energy,Oil & Gas Production,https://www.nasdaq.com/symbol/crzo
CVE,Cenovus Energy Inc,9.37,11512905573,n/a,Canada,n/a,Energy,Oil & Gas Production,https://www.nasdaq.com/symbol/cve
CDEV,"Centennial Resource Development, Inc.",21.59,5960764187,n/a,United States,2016,Energy,Oil & Gas Production,https://www.nasdaq.com/symbol/cdev
CNP,"CenterPoint Energy, Inc.",27.65,11932459556,n/a,United States,n/a,Public Utilities,Electric Utilities: Central,https://www.nasdaq.com/symbol/cnp
CQP,"Cheniere Energy Partners, LP",39.84,19282744180,n/a,United States,2007,Public Utilities,Oil/Gas Transmission,https://www.nasdaq.com/symbol/cqp
LNG,"Cheniere Energy, Inc.",68.56,17624798592,n/a,United States,n/a,Public Utilities,Oil/Gas Transmission,https://www.nasdaq.com/symbol/lng
CHK,Chesapeake Energy Corporation,4.62,4214705959,n/a,United States,n/a,Energy,Oil & Gas Production,https://www.nasdaq.com/symbol/chk
CHKR,Chesapeake Granite Wash Trust,1.65,77137500,n/a,United States,2011,Energy,Oil & Gas Production,https://www.nasdaq.com/symbol/chkr
CPK,Chesapeake Utilities Corporation,84.1,1377435635,n/a,United States,n/a,Public Utilities,Oil & Gas Production,https://www.nasdaq.com/symbol/cpk
CVX,Chevron Corporation,123.37,2.36395E+11,n/a,United States,n/a,Energy,Integrated oil Companies,https://www.nasdaq.com/symbol/cvx
XEC,Cimarex Energy Co,94.54,9014963236,n/a,United States,n/a,Energy,Oil & Gas Production,https://www.nasdaq.com/symbol/xec
CKX,"CKX Lands, Inc.",10.45,20299072.75,n/a,United States,n/a,Energy,Oil & Gas Production,https://www.nasdaq.com/symbol/ckx
CLNE,Clean Energy Fuels Corp.,2.69,547318111.6,n/a,United States,2007,Public Utilities,Natural Gas Distribution,https://www.nasdaq.com/symbol/clne
CWEN,"Clearway Energy, Inc.",19.2,3632513146,n/a,United States,2015,Public Utilities,Electric Utilities: Central,https://www.nasdaq.com/symbol/cwen
CLD,Cloud Peak Energy Inc,2.54,192476269.9,n/a,United States,2009,Energy,Coal Mining,https://www.nasdaq.com/symbol/cld
CMS,CMS Energy Corporation,48.36,13698716050,n/a,United States,n/a,Public Utilities,Power Generation,https://www.nasdaq.com/symbol/cms
CMS^B,CMS Energy Corporation,101.97,0,n/a,United States,n/a,Public Utilities,Power Generation,https://www.nasdaq.com/symbol/cms^b
CMSA,CMS Energy Corporation,24.15,0,n/a,United States,2018,Public Utilities,Power Generation,https://www.nasdaq.com/symbol/cmsa
CNXM,CNX Midstream Partners LP,19.3,1228216585,n/a,United States,2014,Public Utilities,Natural Gas Distribution,https://www.nasdaq.com/symbol/cnxm
CEIX,CNX Resources Corporation,42.27,1183698857,n/a,United States,2017,Energy,Coal Mining,https://www.nasdaq.com/symbol/ceix
CNX,CNX Resources Corporation,14.36,3059529667,n/a,United States,1999,Energy,Oil & Gas Production,https://www.nasdaq.com/symbol/cnx
CRK,"Comstock Resources, Inc.",9.05,948893567.9,n/a,United States,n/a,Energy,Oil & Gas Production,https://www.nasdaq.com/symbol/crk
CXO,Concho Resources Inc.,150.95,30229778948,n/a,United States,2007,Energy,Oil & Gas Production,https://www.nasdaq.com/symbol/cxo
COP,ConocoPhillips,78.11,90771264508,n/a,United States,n/a,Energy,Integrated oil Companies,https://www.nasdaq.com/symbol/cop
CCR,CONSOL Coal Resources LP,17.85,491238961.5,n/a,United States,2015,Energy,Coal Mining,https://www.nasdaq.com/symbol/ccr
ED,Consolidated Edison Inc,75.7,23550496267,n/a,United States,n/a,Public Utilities,Power Generation,https://www.nasdaq.com/symbol/ed
MCF,Contango Oil & Gas Company,6.43,165399758.1,n/a,United States,n/a,Energy,Oil & Gas Production,https://www.nasdaq.com/symbol/mcf
CLR,"Continental Resources, Inc.",67.03,25205793491,n/a,United States,2007,Energy,Oil & Gas Production,https://www.nasdaq.com/symbol/clr
CVA,Covanta Holding Corporation,16.7,2184700680,n/a,United States,n/a,Basic Industries,Electric Utilities: Central,https://www.nasdaq.com/symbol/cva
CPG,Crescent Point Energy Corporation,6.3,3460477381,n/a,Canada,n/a,Energy,Oil & Gas Production,https://www.nasdaq.com/symbol/cpg
CRT,Cross Timbers Royalty Trust,14.93,89580000,n/a,United States,1992,Energy,Oil & Gas Production,https://www.nasdaq.com/symbol/crt
CAPL,CrossAmerica Partners LP,17.91,616705310.3,n/a,United States,2012,Energy,Oil Refining/Marketing,https://www.nasdaq.com/symbol/capl
CYRX,"CryoPort, Inc.",12.51,357406596.7,n/a,United States,n/a,Transportation,Oil Refining/Marketing,https://www.nasdaq.com/symbol/cyrx
CYRXW,"CryoPort, Inc.",9.2118,0,n/a,United States,n/a,Transportation,Oil Refining/Marketing,https://www.nasdaq.com/symbol/cyrxw
CCLP,CSI Compressco LP,5.32,230186451.6,n/a,United States,2011,Energy,Oilfield Services/Equipment,https://www.nasdaq.com/symbol/cclp
CVI,CVR Energy Inc.,40.85,3547048393,n/a,United States,2007,Energy,Integrated oil Companies,https://www.nasdaq.com/symbol/cvi
CVRR,"CVR Refining, LP",20.15,2974140000,n/a,United States,2013,Energy,Integrated oil Companies,https://www.nasdaq.com/symbol/cvrr
DWSN,Dawson Geophysical Company,6.48,148529369.5,n/a,United States,n/a,Energy,Oil & Gas Production,https://www.nasdaq.com/symbol/dwsn
DCP,DCP Midstream LP,39.13,5607713570,n/a,United States,n/a,Public Utilities,Natural Gas Distribution,https://www.nasdaq.com/symbol/dcp
DKL,"Delek Logistics Partners, L.P.",34.1,831875740.3,n/a,United States,2012,Energy,Natural Gas Distribution,https://www.nasdaq.com/symbol/dkl
DK,"Delek US Holdings, Inc.",44.46,3851948599,n/a,United States,2017,Energy,Integrated oil Companies,https://www.nasdaq.com/symbol/dk
DNR,Denbury Resources Inc.,6.21,2860557770,n/a,United States,n/a,Energy,Oil & Gas Production,https://www.nasdaq.com/symbol/dnr
DVN,Devon Energy Corporation,41.41,21069408000,n/a,United States,n/a,Energy,Oil & Gas Production,https://www.nasdaq.com/symbol/dvn
DO,"Diamond Offshore Drilling, Inc.",19.99,2747314815,n/a,United States,1995,Energy,Oil & Gas Production,https://www.nasdaq.com/symbol/do
FANG,"Diamondback Energy, Inc.",134.52,13266556109,n/a,United States,2012,Energy,Oil & Gas Production,https://www.nasdaq.com/symbol/fang
DM,"Dominion Energy Midstream Partners, LP",17.75,2247285628,n/a,United States,2014,Public Utilities,Natural Gas Distribution,https://www.nasdaq.com/symbol/dm
D,"Dominion Energy, Inc.",69.55,45469402418,n/a,United States,n/a,Public Utilities,Electric Utilities: Central,https://www.nasdaq.com/symbol/d
DCUD,"Dominion Energy, Inc.",47.08,0,n/a,United States,2016,Public Utilities,Electric Utilities: Central,https://www.nasdaq.com/symbol/dcud
DRUA,"Dominion Energy, Inc.",23.53,0,n/a,United States,2016,Public Utilities,Electric Utilities: Central,https://www.nasdaq.com/symbol/drua
DMLP,"Dorchester Minerals, L.P.",20.4,658507389.6,n/a,United States,n/a,Energy,Oil & Gas Production,https://www.nasdaq.com/symbol/dmlp
DTE,DTE Energy Company,107.49,19538733979,n/a,United States,n/a,Public Utilities,Electric Utilities: Central,https://www.nasdaq.com/symbol/dte
DTJ,DTE Energy Company,23.93,0,n/a,United States,2016,Public Utilities,Electric Utilities: Central,https://www.nasdaq.com/symbol/dtj
DTQ,DTE Energy Company,24.1801,0,n/a,United States,n/a,Public Utilities,Electric Utilities: Central,https://www.nasdaq.com/symbol/dtq
DTV,DTE Energy Company,51.85,0,n/a,United States,2016,Public Utilities,Electric Utilities: Central,https://www.nasdaq.com/symbol/dtv
DTW,DTE Energy Company,23.7,0,n/a,United States,2017,Public Utilities,Electric Utilities: Central,https://www.nasdaq.com/symbol/dtw
DTY,DTE Energy Company,25.65,0,n/a,United States,2016,Public Utilities,Electric Utilities: Central,https://www.nasdaq.com/symbol/dty
DUK,Duke Energy Corporation,78.81,56140675798,n/a,United States,n/a,Public Utilities,Power Generation,https://www.nasdaq.com/symbol/duk
DUKB,Duke Energy Corporation,24.84,0,n/a,United States,2018,Public Utilities,Power Generation,https://www.nasdaq.com/symbol/dukb
DUKH,Duke Energy Corporation,23.85,0,n/a,United States,n/a,Public Utilities,Power Generation,https://www.nasdaq.com/symbol/dukh
ESTE,"Earthstone Energy, Inc.",9.62,615472131,n/a,United States,n/a,Energy,Oil & Gas Production,https://www.nasdaq.com/symbol/este
ECT,ECA Marcellus Trust I,1.8,31689000,n/a,United States,2010,Energy,Oil & Gas Production,https://www.nasdaq.com/symbol/ect
ECHO,"Echo Global Logistics, Inc.",32.95,940659466.7,n/a,United States,2009,Transportation,Oil Refining/Marketing,https://www.nasdaq.com/symbol/echo
ECR,Eclipse Resources Corporation,1.29,390007051.9,n/a,United States,2014,Energy,Oil & Gas Production,https://www.nasdaq.com/symbol/ecr
ESES,"Eco-Stim Energy Solutions, Inc.",0.35,26205716.95,n/a,United States,n/a,Energy,Oilfield Services/Equipment,https://www.nasdaq.com/symbol/eses
EIX,Edison International,66.97,21819576466,n/a,United States,n/a,Public Utilities,Electric Utilities: Central,https://www.nasdaq.com/symbol/eix
EP^C,El Paso Corporation,45.948,0,n/a,United States,n/a,Public Utilities,Natural Gas Distribution,https://www.nasdaq.com/symbol/ep^c
EE,El Paso Electric Company,57.8,2351958296,n/a,United States,n/a,Public Utilities,Electric Utilities: Central,https://www.nasdaq.com/symbol/ee
EEQ,Enbridge Energy Management LLC,11.2,1104444230,n/a,United States,2002,Energy,Oil & Gas Production,https://www.nasdaq.com/symbol/eeq
EEP,"Enbridge Energy, L.P.",11.18,5042958989,n/a,United States,n/a,Energy,Natural Gas Distribution,https://www.nasdaq.com/symbol/eep
ENB,Enbridge Inc,33.13,56834660772,n/a,Canada,n/a,Energy,Natural Gas Distribution,https://www.nasdaq.com/symbol/enb
ENBA,Enbridge Inc,25.4,0,n/a,Canada,2018,Energy,Natural Gas Distribution,https://www.nasdaq.com/symbol/enba
ECA,Encana Corporation,13.27,12666590514,n/a,Canada,n/a,Energy,Oil & Gas Production,https://www.nasdaq.com/symbol/eca
EGN,Energen Corporation,85.68,8358913811,n/a,United States,n/a,Energy,Oil & Gas Production,https://www.nasdaq.com/symbol/egn
ETE,"Energy Transfer Equity, L.P.",17.48,20245451788,n/a,United States,2006,Public Utilities,Natural Gas Distribution,https://www.nasdaq.com/symbol/ete
ETP,"Energy Transfer Partners, L.P.",22.3,26010802176,n/a,United States,n/a,Energy,Natural Gas Distribution,https://www.nasdaq.com/symbol/etp
EGC,"Energy XXI Gulf Coast, Inc.",7.82,261161122.7,n/a,United States,n/a,Energy,Oil & Gas Production,https://www.nasdaq.com/symbol/egc
ERF,Enerplus Corporation,12.3,3017117984,n/a,Canada,n/a,Energy,Oil & Gas Production,https://www.nasdaq.com/symbol/erf
ENLK,"EnLink Midstream Partners, LP",18.25,6393815175,n/a,United States,n/a,Public Utilities,Natural Gas Distribution,https://www.nasdaq.com/symbol/enlk
ENSV,ENSERVCO Corporation,0.72,39214676.88,n/a,United States,n/a,Energy,Oilfield Services/Equipment,https://www.nasdaq.com/symbol/ensv
ESNC,"EnSync, Inc.",0.2997,16986926.77,n/a,United States,n/a,Public Utilities,Electric Utilities: Central,https://www.nasdaq.com/symbol/esnc
EAB,"Entergy Arkansas, Inc.",23.975,0,n/a,United States,n/a,Public Utilities,Electric Utilities: Central,https://www.nasdaq.com/symbol/eab
EAE,"Entergy Arkansas, Inc.",22.961,0,n/a,United States,2013,Public Utilities,Electric Utilities: Central,https://www.nasdaq.com/symbol/eae
EAI,"Entergy Arkansas, Inc.",23.75,0,n/a,United States,2016,Public Utilities,Electric Utilities: Central,https://www.nasdaq.com/symbol/eai
ETR,Entergy Corporation,80.18,14500956466,n/a,United States,n/a,Public Utilities,Electric Utilities: Central,https://www.nasdaq.com/symbol/etr
ELC,"Entergy Louisiana, Inc.",23.35,0,n/a,United States,2016,Public Utilities,Electric Utilities: Central,https://www.nasdaq.com/symbol/elc
ELJ,"Entergy Louisiana, Inc.",24.52,0,n/a,United States,n/a,Public Utilities,Electric Utilities: Central,https://www.nasdaq.com/symbol/elj
ELU,"Entergy Louisiana, Inc.",22.9199,0,n/a,United States,n/a,Public Utilities,Electric Utilities: Central,https://www.nasdaq.com/symbol/elu
EMP,"Entergy Mississippi, Inc.",23.9769,0,n/a,United States,2016,Public Utilities,Electric Utilities: Central,https://www.nasdaq.com/symbol/emp
ENJ,"Entergy New Orleans, LLC",24.2,0,n/a,United States,n/a,Public Utilities,Power Generation,https://www.nasdaq.com/symbol/enj
ENO,"Entergy New Orleans, LLC",25.95,0,n/a,United States,2016,Public Utilities,Power Generation,https://www.nasdaq.com/symbol/eno
EZT,Entergy Texas Inc,25.51,0,n/a,United States,2014,Public Utilities,Electric Utilities: Central,https://www.nasdaq.com/symbol/ezt
EPD,Enterprise Products Partners L.P.,29.02,63146101735,n/a,United States,n/a,Public Utilities,Natural Gas Distribution,https://www.nasdaq.com/symbol/epd
EOG,"EOG Resources, Inc.",125.64,72770786502,n/a,United States,n/a,Energy,Oil & Gas Production,https://www.nasdaq.com/symbol/eog
EPE,EP Energy Corporation,2.34,601999901.1,n/a,United States,2014,Energy,Oil & Gas Production,https://www.nasdaq.com/symbol/epe
EQT,EQT Corporation,46.93,12389520000,n/a,United States,n/a,Energy,Oil & Gas Production,https://www.nasdaq.com/symbol/eqt
EQGP,"EQT GP Holdings, LP",20.87,6312314446,n/a,United States,2015,Public Utilities,Natural Gas Distribution,https://www.nasdaq.com/symbol/eqgp
EQM,"EQT Midstream Partners, LP",52.6,6336045985,n/a,United States,2012,Public Utilities,Natural Gas Distribution,https://www.nasdaq.com/symbol/eqm
ES,Eversource Energy,60.68,19228630829,n/a,United States,n/a,Public Utilities,Electric Utilities: Central,https://www.nasdaq.com/symbol/es
EPM,"Evolution Petroleum Corporation, Inc.",11.25,373179532.5,n/a,United States,n/a,Energy,Oil & Gas Production,https://www.nasdaq.com/symbol/epm
EXC,Exelon Corporation,42.59,41137966396,n/a,United States,n/a,Public Utilities,Power Generation,https://www.nasdaq.com/symbol/exc
EXPD,"Expeditors International of Washington, Inc.",72.2,12587023172,n/a,United States,n/a,Transportation,Oil Refining/Marketing,https://www.nasdaq.com/symbol/expd
XOG,"Extraction Oil & Gas, Inc.",11.16,1958346522,n/a,United States,2016,Energy,Oil & Gas Production,https://www.nasdaq.com/symbol/xog
XOM,Exxon Mobil Corporation,86.5,3.66225E+11,n/a,United States,n/a,Energy,Integrated oil Companies,https://www.nasdaq.com/symbol/xom
FLMN,Falcon Minerals Corporation,11.25,965868750,n/a,United States,2017,Energy,Oil & Gas Production,https://www.nasdaq.com/symbol/flmn
FLMNW,Falcon Minerals Corporation,1.65,0,n/a,United States,2017,Energy,Oil & Gas Production,https://www.nasdaq.com/symbol/flmnw
FE,FirstEnergy Corp.,36.38,17681462134,n/a,United States,n/a,Public Utilities,Electric Utilities: Central,https://www.nasdaq.com/symbol/fe
FELP,Foresight Energy LP,3.9,567646212.9,n/a,United States,2014,Energy,Coal Mining,https://www.nasdaq.com/symbol/felp
FWRD,Forward Air Corporation,68.72,2016831600,n/a,United States,n/a,Transportation,Oil Refining/Marketing,https://www.nasdaq.com/symbol/fwrd
FTSI,"FTS International, Inc.",12.02,1313480259,n/a,United States,2018,Energy,Oilfield Services/Equipment,https://www.nasdaq.com/symbol/ftsi
GEL,"Genesis Energy, L.P.",23.77,2913708012,n/a,United States,1996,Energy,Oil Refining/Marketing,https://www.nasdaq.com/symbol/gel
GNE,Genie Energy Ltd.,5.37,142040323.4,n/a,United States,2011,Public Utilities,Power Generation,https://www.nasdaq.com/symbol/gne
GPJA,Georgia Power Company,23.61,0,n/a,United States,2017,Public Utilities,Electric Utilities: Central,https://www.nasdaq.com/symbol/gpja
GLP,Global Partners LP,18.1,615319690.3,n/a,United States,2005,Energy,Oil Refining/Marketing,https://www.nasdaq.com/symbol/glp
GDP,Goodrich Petroleum Corporation,13.97,165382252.4,n/a,United States,2017,Energy,Oil & Gas Production,https://www.nasdaq.com/symbol/gdp
GTE,Gran Tierra Energy Inc.,3.69,1439164641,n/a,Canada,n/a,Energy,Oil & Gas Production,https://www.nasdaq.com/symbol/gte
GPOR,Gulfport Energy Corporation,11.14,1930584893,n/a,United States,n/a,Energy,Oil & Gas Production,https://www.nasdaq.com/symbol/gpor
HK,Halcon Resources Corporation,4.57,734192678.2,n/a,United States,n/a,Energy,Oil & Gas Production,https://www.nasdaq.com/symbol/hk
HNRG,Hallador Energy Company,6.02,181665479.8,n/a,United States,n/a,Energy,Coal Mining,https://www.nasdaq.com/symbol/hnrg
HAL,Halliburton Company,41.36,36392482471,n/a,United States,n/a,Energy,Oilfield Services/Equipment,https://www.nasdaq.com/symbol/hal
HE,"Hawaiian Electric Industries, Inc.",34.98,3808595990,n/a,United States,n/a,Public Utilities,Electric Utilities: Central,https://www.nasdaq.com/symbol/he
HLX,"Helix Energy Solutions Group, Inc.",9.61,1423369755,n/a,United States,n/a,Energy,Oilfield Services/Equipment,https://www.nasdaq.com/symbol/hlx
HP,"Helmerich & Payne, Inc.",68.68,7482257025,n/a,United States,n/a,Energy,Oil & Gas Production,https://www.nasdaq.com/symbol/hp
HES,Hess Corporation,71.64,21469662576,n/a,United States,n/a,Energy,Integrated oil Companies,https://www.nasdaq.com/symbol/hes
HESM,Hess Midstream Partners LP,22.54,1230158480,n/a,United States,2017,Energy,Oil & Gas Production,https://www.nasdaq.com/symbol/hesm
HEP,"Holly Energy Partners, L.P.",31.21,3290788673,n/a,United States,2004,Energy,Natural Gas Distribution,https://www.nasdaq.com/symbol/hep
HFC,HollyFrontier Corporation,70.76,12466175620,n/a,United States,n/a,Energy,Integrated oil Companies,https://www.nasdaq.com/symbol/hfc
HUSA,Houston American Energy Corporation,0.2365,14471990.3,n/a,United States,n/a,Energy,Oil & Gas Production,https://www.nasdaq.com/symbol/husa
HUBG,"Hub Group, Inc.",46.15,1586709225,n/a,United States,1996,Transportation,Oil Refining/Marketing,https://www.nasdaq.com/symbol/hubg
IDA,"IDACORP, Inc.",98.19,4948079146,n/a,United States,n/a,Public Utilities,Electric Utilities: Central,https://www.nasdaq.com/symbol/ida
IMO,Imperial Oil Limited,32.49,25854253089,n/a,Canada,n/a,Energy,Integrated oil Companies,https://www.nasdaq.com/symbol/imo
IO,Ion Geophysical Corporation,15.3,214245884.7,n/a,United States,n/a,Energy,Oil & Gas Production,https://www.nasdaq.com/symbol/io
ISRL,"Isramco, Inc.",122.25,332232468,n/a,United States,1983,Energy,Oil & Gas Production,https://www.nasdaq.com/symbol/isrl
JAG,Jagged Peak Energy Inc.,14.06,2997300002,n/a,United States,2017,Energy,Oil & Gas Production,https://www.nasdaq.com/symbol/jag
JSYN,Jensyn Acquistion Corp.,11.4,23726842.8,n/a,United States,2016,Public Utilities,Natural Gas Distribution,https://www.nasdaq.com/symbol/jsyn
JSYNR,Jensyn Acquistion Corp.,0.37,0,n/a,United States,2016,Public Utilities,Natural Gas Distribution,https://www.nasdaq.com/symbol/jsynr
JSYNU,Jensyn Acquistion Corp.,12.25,0,n/a,United States,2016,Public Utilities,Natural Gas Distribution,https://www.nasdaq.com/symbol/jsynu
JSYNW,Jensyn Acquistion Corp.,0.11,0,n/a,United States,2016,Public Utilities,Natural Gas Distribution,https://www.nasdaq.com/symbol/jsynw
JONE,"Jones Energy, Inc.",6.99,35951226.63,n/a,United States,2013,Energy,Oil & Gas Production,https://www.nasdaq.com/symbol/jone
JE,"Just Energy Group, Inc.",3.07,458201276.1,n/a,Canada,n/a,Public Utilities,Oil/Gas Transmission,https://www.nasdaq.com/symbol/je
FRAC,"Keane Group, Inc.",12.86,1409789627,n/a,United States,2017,Energy,Oilfield Services/Equipment,https://www.nasdaq.com/symbol/frac
KEG,"Key Energy Services, Inc.",12.51,253259258,n/a,United States,2016,Energy,Oilfield Services/Equipment,https://www.nasdaq.com/symbol/keg
KRP,Kimbell Royalty Partners,22.14,594225688.7,n/a,United States,2017,Energy,Oil & Gas Production,https://www.nasdaq.com/symbol/krp
KMI,"Kinder Morgan, Inc.",17.88,39458101984,n/a,United States,2011,Public Utilities,Natural Gas Distribution,https://www.nasdaq.com/symbol/kmi
KLXE,"KLX Energy Services Holdings, Inc. ",30.43,0,n/a,United States,n/a,Energy,Oilfield Services/Equipment,https://www.nasdaq.com/symbol/klxe
LPI,"Laredo Petroleum, Inc.",8.78,2064626702,n/a,United States,2011,Energy,Oil & Gas Production,https://www.nasdaq.com/symbol/lpi
LGCY,Legacy Reserves Inc.,4.98,383106564.4,n/a,United States,2007,Energy,Oil & Gas Production,https://www.nasdaq.com/symbol/lgcy
LBRT,Liberty Oilfield Services Inc.,21.68,2561827715,n/a,United States,2018,Energy,Oilfield Services/Equipment,https://www.nasdaq.com/symbol/lbrt
LLEX,"Lilis Energy, Inc.",4.9,314814675.7,n/a,United States,n/a,Energy,Oil & Gas Production,https://www.nasdaq.com/symbol/llex
LONE,Lonestar Resources US Inc.,8.34,205473639.2,n/a,United States,n/a,Energy,Oil & Gas Production,https://www.nasdaq.com/symbol/lone
MIC,Macquarie Infrastructure Corporation ,46.28,3950962105,n/a,United States,2004,Energy,Oil Refining/Marketing,https://www.nasdaq.com/symbol/mic
MMP,Magellan Midstream Partners L.P.,68.02,15521834783,n/a,United States,n/a,Energy,Natural Gas Distribution,https://www.nasdaq.com/symbol/mmp
MGY,Magnolia Oil & Gas Corporation,14.45,2464181129,n/a,United States,2017,Energy,Oil & Gas Production,https://www.nasdaq.com/symbol/mgy
TUSK,"Mammoth Energy Services, Inc.",29.37,1314474263,n/a,United States,2016,Energy,Oilfield Services/Equipment,https://www.nasdaq.com/symbol/tusk
MRO,Marathon Oil Corporation,22.49,19209777230,n/a,United States,n/a,Energy,Oil & Gas Production,https://www.nasdaq.com/symbol/mro
MPC,Marathon Petroleum Corporation,85.05,38358185664,n/a,United States,n/a,Energy,Integrated oil Companies,https://www.nasdaq.com/symbol/mpc
MARPS,Marine Petroleum Trust,4.0708,8141600,n/a,United States,n/a,Energy,Oil & Gas Production,https://www.nasdaq.com/symbol/marps
MMLP,Martin Midstream Partners L.P.,11.2,437385054.4,n/a,United States,2002,Energy,Oil Refining/Marketing,https://www.nasdaq.com/symbol/mmlp
MTDR,Matador Resources Company,32.86,3823760998,n/a,United States,2012,Energy,Oil & Gas Production,https://www.nasdaq.com/symbol/mtdr
MPAC,Matlin & Partners Acquisition Corporation,10,93214920,n/a,United States,2017,Energy,Oilfield Services/Equipment,https://www.nasdaq.com/symbol/mpac
MPACU,Matlin & Partners Acquisition Corporation,10.75,0,n/a,United States,2017,Energy,Oilfield Services/Equipment,https://www.nasdaq.com/symbol/mpacu
MPACW,Matlin & Partners Acquisition Corporation,0.7701,0,n/a,United States,2017,Energy,Oilfield Services/Equipment,https://www.nasdaq.com/symbol/mpacw
MTR,Mesa Royalty Trust,14.35,26742516.5,n/a,United States,n/a,Energy,Oil & Gas Production,https://www.nasdaq.com/symbol/mtr
MXC,Mexco Energy Corporation,5.29,10792478.14,n/a,United States,n/a,Energy,Oil & Gas Production,https://www.nasdaq.com/symbol/mxc
MGEE,MGE Energy Inc.,63.15,2189307566,n/a,United States,n/a,Energy,Electric Utilities: Central,https://www.nasdaq.com/symbol/mgee
MCEP,"Mid-Con Energy Partners, LP",1.5799,48086032.31,n/a,United States,2011,Energy,Oil & Gas Production,https://www.nasdaq.com/symbol/mcep
MPO,"MIDSTATES PETROLEUM COMPANY, INC.",8.99,227060043.4,n/a,United States,2016,Energy,Oil & Gas Production,https://www.nasdaq.com/symbol/mpo
MPLX,MPLX LP,34.5,27394129461,n/a,United States,2012,Energy,Natural Gas Distribution,https://www.nasdaq.com/symbol/mplx
MUR,Murphy Oil Corporation,32.55,5632687857,n/a,United States,n/a,Energy,Oil & Gas Production,https://www.nasdaq.com/symbol/mur
MVO,MV Oil Trust,11.47,131905000,n/a,United States,2007,Energy,Oil & Gas Production,https://www.nasdaq.com/symbol/mvo
NESR,National Energy Services Reunited Corp.,11.65,996806258.9,n/a,United States,2017,Energy,Oilfield Services/Equipment,https://www.nasdaq.com/symbol/nesr
NESRW,National Energy Services Reunited Corp.,1.85,0,n/a,United States,2017,Energy,Oilfield Services/Equipment,https://www.nasdaq.com/symbol/nesrw
NFG,National Fuel Gas Company,55.65,4783184169,n/a,United States,n/a,Public Utilities,Oil/Gas Transmission,https://www.nasdaq.com/symbol/nfg
NGS,"Natural Gas Services Group, Inc.",21.3,278742577.8,n/a,United States,2002,Energy,Oilfield Services/Equipment,https://www.nasdaq.com/symbol/ngs
NRP,Natural Resource Partners LP,29.45,360642344,n/a,United States,2002,Energy,Coal Mining,https://www.nasdaq.com/symbol/nrp
NCSM,"NCS Multistage Holdings, Inc.",16.47,739649912.4,n/a,United States,2017,Energy,Oilfield Services/Equipment,https://www.nasdaq.com/symbol/ncsm
GBR,"New Concept Energy, Inc",2.47,5265879.45,n/a,United States,n/a,Energy,Oil & Gas Production,https://www.nasdaq.com/symbol/gbr
NFX,Newfield Exploration Company,29.25,5845830237,n/a,United States,1993,Energy,Oil & Gas Production,https://www.nasdaq.com/symbol/nfx
NJR,NewJersey Resources Corporation,45.55,4021008741,n/a,United States,n/a,Public Utilities,Oil/Gas Transmission,https://www.nasdaq.com/symbol/njr
NEXT,NextDecade Corporation,5.52,600858441.8,n/a,United States,2015,Public Utilities,Oil & Gas Production,https://www.nasdaq.com/symbol/next
NEP,"NextEra Energy Partners, LP",47.81,2596738666,n/a,United States,2014,Public Utilities,Electric Utilities: Central,https://www.nasdaq.com/symbol/nep
NEE,"NextEra Energy, Inc.",166.85,78687241525,n/a,United States,n/a,Public Utilities,Electric Utilities: Central,https://www.nasdaq.com/symbol/nee
NGL,NGL ENERGY PARTNERS LP,10.95,1336461888,n/a,United States,2011,Energy,Oil Refining/Marketing,https://www.nasdaq.com/symbol/ngl
NMK^B,"Niagara Mohawk Holdings, Inc.",94,0,n/a,United States,n/a,Public Utilities,Natural Gas Distribution,https://www.nasdaq.com/symbol/nmk^b
NMK^C,"Niagara Mohawk Holdings, Inc.",96.5,0,n/a,United States,n/a,Public Utilities,Natural Gas Distribution,https://www.nasdaq.com/symbol/nmk^c
NINE,"Nine Energy Service, Inc.",32.9,824586550.9,n/a,United States,2018,Energy,Oilfield Services/Equipment,https://www.nasdaq.com/symbol/nine
NI,"NiSource, Inc",24.89,9035983090,n/a,United States,n/a,Public Utilities,Power Generation,https://www.nasdaq.com/symbol/ni
NBL,Noble Energy Inc.,31.17,15058812684,n/a,United States,n/a,Energy,Oil & Gas Production,https://www.nasdaq.com/symbol/nbl
NBLX,Noble Midstream Partners LP,34.9,1384289061,n/a,United States,2016,Energy,Natural Gas Distribution,https://www.nasdaq.com/symbol/nblx
NOA,North American Construction Group Ltd.,9.3,251604292.5,n/a,Canada,2006,Energy,Oilfield Services/Equipment,https://www.nasdaq.com/symbol/noa
NRT,North European Oil Royality Trust,7.6619,70417381.52,n/a,United States,n/a,Energy,Oil & Gas Production,https://www.nasdaq.com/symbol/nrt
NOG,"Northern Oil and Gas, Inc.",3.94,1270438130,n/a,United States,n/a,Energy,Oil & Gas Production,https://www.nasdaq.com/symbol/nog
NWN,Northwest Natural Gas Company,68.2,1964192872,n/a,United States,n/a,Public Utilities,Oil/Gas Transmission,https://www.nasdaq.com/symbol/nwn
NWE,NorthWestern Corporation,57.59,2897729308,n/a,United States,n/a,Public Utilities,Power Generation,https://www.nasdaq.com/symbol/nwe
NRG,"NRG Energy, Inc.",35.79,10859734826,n/a,United States,n/a,Public Utilities,Electric Utilities: Central,https://www.nasdaq.com/symbol/nrg
NS,Nustar Energy L.P.,27.07,2897643669,n/a,United States,n/a,Energy,Natural Gas Distribution,https://www.nasdaq.com/symbol/ns
NES,"Nuverra Environmental Solutions, Inc.",10.1309,118486751.4,n/a,United States,2017,Energy,Oilfield Services/Equipment,https://www.nasdaq.com/symbol/nes
OMP,Oasis Midstream Partners LP,21.67,596553993.4,n/a,United States,2017,Energy,Oil & Gas Production,https://www.nasdaq.com/symbol/omp
OAS,Oasis Petroleum Inc.,13.92,4426500798,n/a,United States,2010,Energy,Oil & Gas Production,https://www.nasdaq.com/symbol/oas
OBE,Obsidian Energy Ltd.,0.9869,500540442.3,n/a,Canada,n/a,Energy,Oil & Gas Production,https://www.nasdaq.com/symbol/obe
OXY,Occidental Petroleum Corporation,81.31,62179501343,n/a,United States,n/a,Energy,Oil & Gas Production,https://www.nasdaq.com/symbol/oxy
OPTT,"Ocean Power Technologies, Inc.",0.7467,14035612.38,n/a,United States,2007,Public Utilities,Electric Utilities: Central,https://www.nasdaq.com/symbol/optt
OII,"Oceaneering International, Inc.",28.27,2785521380,n/a,United States,n/a,Energy,Oilfield Services/Equipment,https://www.nasdaq.com/symbol/oii
OGE,OGE Energy Corp,35.79,7148373778,n/a,United States,n/a,Public Utilities,Electric Utilities: Central,https://www.nasdaq.com/symbol/oge
OKE,"ONEOK, Inc.",68.43,28141801506,n/a,United States,n/a,Public Utilities,Oil & Gas Production,https://www.nasdaq.com/symbol/oke
ORA,"Ormat Technologies, Inc.",54.34,2751241699,n/a,United States,2004,Public Utilities,Electric Utilities: Central,https://www.nasdaq.com/symbol/ora
OTTR,Otter Tail Corporation,47.65,1890031675,n/a,United States,n/a,Public Utilities,Electric Utilities: Central,https://www.nasdaq.com/symbol/ottr
ROYT,Pacific Coast Oil Trust,2.77,106875347.7,n/a,United States,2012,Energy,Oil & Gas Production,https://www.nasdaq.com/symbol/royt
PCG,Pacific Gas & Electric Co.,45.84,23706217288,n/a,United States,n/a,Public Utilities,Power Generation,https://www.nasdaq.com/symbol/pcg
PHX,Panhandle Royalty Company,19.4,325503074.6,n/a,United States,n/a,Energy,Oil & Gas Production,https://www.nasdaq.com/symbol/phx
PARR,"Par Pacific Holdings, Inc.",20.32,932299603.5,n/a,United States,n/a,Energy,Oil & Gas Production,https://www.nasdaq.com/symbol/parr
PKD,Parker Drilling Company,3.43,31959896.22,n/a,United States,n/a,Energy,Oil & Gas Production,https://www.nasdaq.com/symbol/pkd
PEGI,Pattern Energy Group Inc.,19.79,1944855700,n/a,United States,2013,Public Utilities,Electric Utilities: Central,https://www.nasdaq.com/symbol/pegi
PTEN,"Patterson-UTI Energy, Inc.",17.7,3894459687,n/a,United States,1993,Energy,Oil & Gas Production,https://www.nasdaq.com/symbol/pten
PBF,PBF Energy Inc.,50.37,5733679962,n/a,United States,2012,Energy,Integrated oil Companies,https://www.nasdaq.com/symbol/pbf
PDCE,"PDC Energy, Inc.",48.54,3207194633,n/a,United States,n/a,Energy,Oil & Gas Production,https://www.nasdaq.com/symbol/pdce
BTU,Peabody Energy Corporation,42.35,5153995000,n/a,United States,2017,Energy,Coal Mining,https://www.nasdaq.com/symbol/btu
PED,Pedevco Corp.,2.17,32174848.23,n/a,United States,n/a,Energy,Oil & Gas Production,https://www.nasdaq.com/symbol/ped
PBA,Pembina Pipeline Corp.,34.36,17378875817,n/a,Canada,n/a,Energy,Oil & Gas Production,https://www.nasdaq.com/symbol/pba
PVAC,Penn Virginia Corporation,75.91,1143089217,n/a,United States,n/a,Energy,Oil & Gas Production,https://www.nasdaq.com/symbol/pvac
PBT,Permian Basin Royalty Trust,8.36,389649534.6,n/a,United States,n/a,Energy,Oil & Gas Production,https://www.nasdaq.com/symbol/pbt
PVL,Permianville Royalty Trust,3.575,117975000,n/a,United States,2011,Energy,Oil & Gas Production,https://www.nasdaq.com/symbol/pvl
PRT,PermRock Royalty Trust,12.91,157059600.1,n/a,United States,2018,Energy,Oil & Gas Production,https://www.nasdaq.com/symbol/prt
PSX,Phillips 66,114.88,53334465661,n/a,United States,n/a,Energy,Integrated oil Companies,https://www.nasdaq.com/symbol/psx
PSXP,Phillips 66 Partners LP,50.7,6231683675,n/a,United States,2013,Energy,Natural Gas Distribution,https://www.nasdaq.com/symbol/psxp
PNW,Pinnacle West Capital Corporation,78.18,8754138187,n/a,United States,n/a,Public Utilities,Electric Utilities: Central,https://www.nasdaq.com/symbol/pnw
PES,Pioneer Energy Services Corp.,3.4,265929470,n/a,United States,n/a,Energy,Oil & Gas Production,https://www.nasdaq.com/symbol/pes
PXD,Pioneer Natural Resources Company,177.38,30225769113,n/a,United States,n/a,Energy,Oil & Gas Production,https://www.nasdaq.com/symbol/pxd
PAA,"Plains All American Pipeline, L.P.",24.2,17559102284,n/a,United States,1998,Energy,Natural Gas Distribution,https://www.nasdaq.com/symbol/paa
PNM,"PNM Resources, Inc. (Holding Co.)",38.7,3082595249,n/a,United States,n/a,Public Utilities,Electric Utilities: Central,https://www.nasdaq.com/symbol/pnm
POR,Portland General Electric Company,44.6,3980034647,n/a,United States,n/a,Public Utilities,Electric Utilities: Central,https://www.nasdaq.com/symbol/por
PPL,PPL Corporation,28.75,20112656475,n/a,United States,n/a,Public Utilities,Electric Utilities: Central,https://www.nasdaq.com/symbol/ppl
PDS,Precision Drilling Corporation,3.63,1066188485,n/a,Canada,n/a,Energy,Oil & Gas Production,https://www.nasdaq.com/symbol/pds
PNRG,PrimeEnergy Corporation,78.2,161245506.6,n/a,United States,n/a,Energy,Oil & Gas Production,https://www.nasdaq.com/symbol/pnrg
PUMP,ProPetro Holding Corp.,17.23,1439457021,n/a,United States,2017,Energy,Oilfield Services/Equipment,https://www.nasdaq.com/symbol/pump
PEG,Public Service Enterprise Group Incorporated,51.21,25877607524,n/a,United States,n/a,Public Utilities,Power Generation,https://www.nasdaq.com/symbol/peg
QEP,"QEP Resources, Inc.",11.37,2694416631,n/a,United States,n/a,Energy,Oil & Gas Production,https://www.nasdaq.com/symbol/qep
RLGT,"Radiant Logistics, Inc.",5.49,271465171.9,n/a,United States,n/a,Transportation,Oil Refining/Marketing,https://www.nasdaq.com/symbol/rlgt
METC,"Ramaco Resources, Inc.",7.81,313044067.3,n/a,United States,2017,Energy,Coal Mining,https://www.nasdaq.com/symbol/metc
RRC,Range Resources Corporation,17.36,4330530901,n/a,United States,n/a,Energy,Oil & Gas Production,https://www.nasdaq.com/symbol/rrc
RNGR,"Ranger Energy Services, Inc.",8.46,133438192.6,n/a,United States,2017,Energy,Oilfield Services/Equipment,https://www.nasdaq.com/symbol/rngr
REN           ,Resolute Energy Corporation,37.73,874071705.4,n/a,United States,n/a,Energy,Oil & Gas Production,https://www.nasdaq.com/symbol/ren
RGCO,RGC Resources Inc.,26.63,212689975.3,n/a,United States,n/a,Public Utilities,Oil & Gas Production,https://www.nasdaq.com/symbol/rgco
REI,"Ring Energy, Inc.",10.48,632866543.9,n/a,United States,n/a,Energy,Oil & Gas Production,https://www.nasdaq.com/symbol/rei
RRTS,"Roadrunner Transportation Systems, Inc",0.9747,37533258.3,n/a,United States,2010,Transportation,Oil Refining/Marketing,https://www.nasdaq.com/symbol/rrts
ROSE,Rosehill Resources Inc.,7.25,263537935,n/a,United States,2016,Energy,Oil & Gas Production,https://www.nasdaq.com/symbol/rose
ROSEU,Rosehill Resources Inc.,9.5,0,n/a,United States,2016,Energy,Oil & Gas Production,https://www.nasdaq.com/symbol/roseu
ROSEW,Rosehill Resources Inc.,1.2,0,n/a,United States,2016,Energy,Oil & Gas Production,https://www.nasdaq.com/symbol/rosew
RDC,Rowan Companies plc,18.47,2346687084,n/a,United States,n/a,Energy,Oil & Gas Production,https://www.nasdaq.com/symbol/rdc
RES,"RPC, Inc.",16.02,3441520738,n/a,United States,n/a,Energy,Oilfield Services/Equipment,https://www.nasdaq.com/symbol/res
SBR,Sabine Royalty Trust,41.45,604313850.3,n/a,United States,n/a,Energy,Oil & Gas Production,https://www.nasdaq.com/symbol/sbr
SAEX,"SAExploration Holdings, Inc.",13.67,1195345.81,n/a,United States,n/a,Energy,Oil & Gas Production,https://www.nasdaq.com/symbol/saex
SJT,San Juan Basin Royalty Trust,5.09,237238771.6,n/a,United States,n/a,Energy,Oil & Gas Production,https://www.nasdaq.com/symbol/sjt
SN,Sanchez Energy Corporation,2.61,228211979.4,n/a,United States,2011,Energy,Oil & Gas Production,https://www.nasdaq.com/symbol/sn
SNMP,Sanchez Midstream Partners LP,7.025,112208976.2,n/a,United States,n/a,Energy,Oil & Gas Production,https://www.nasdaq.com/symbol/snmp
SDT,SandRidge Mississippian Trust I,1.35,37800000,n/a,United States,2011,Energy,Oil & Gas Production,https://www.nasdaq.com/symbol/sdt
PER,SandRidge Permian Trust,2.6,136500000,n/a,United States,2011,Energy,Oil & Gas Production,https://www.nasdaq.com/symbol/per
SCG,Scana Corporation,35.25,5027545914,n/a,United States,n/a,Public Utilities,Power Generation,https://www.nasdaq.com/symbol/scg
WTTR,"Select Energy Services, Inc.",12.18,1299461557,n/a,United States,2017,Energy,Oilfield Services/Equipment,https://www.nasdaq.com/symbol/wttr
SEMG,Semgroup Corporation,21.5,1699330309,n/a,United States,n/a,Energy,Oilfield Services/Equipment,https://www.nasdaq.com/symbol/semg
SRE,Sempra Energy,112.47,30755871534,n/a,United States,n/a,Public Utilities,Natural Gas Distribution,https://www.nasdaq.com/symbol/sre
SRE^A,Sempra Energy,101.22,0,n/a,United States,n/a,Public Utilities,Natural Gas Distribution,https://www.nasdaq.com/symbol/sre^a
SHLX,"Shell Midstream Partners, L.P.",21.59,4832096352,n/a,United States,2014,Energy,Natural Gas Distribution,https://www.nasdaq.com/symbol/shlx
SINO,"Sino-Global Shipping America, Ltd.",1.1913,14814452.85,n/a,United States,n/a,Transportation,Oil Refining/Marketing,https://www.nasdaq.com/symbol/sino
SM,SM Energy Company,31.62,3545790343,n/a,United States,n/a,Energy,Oil & Gas Production,https://www.nasdaq.com/symbol/sm
SJI,"South Jersey Industries, Inc.",35.11,3002123279,n/a,United States,n/a,Public Utilities,Oil/Gas Transmission,https://www.nasdaq.com/symbol/sji
SJIU,"South Jersey Industries, Inc.",56.94,0,n/a,United States,n/a,Public Utilities,Oil/Gas Transmission,https://www.nasdaq.com/symbol/sjiu
SXE,"Southcross Energy Partners, L.P.",0.6296,50262735.29,n/a,United States,2012,Public Utilities,Natural Gas Distribution,https://www.nasdaq.com/symbol/sxe
SO,Southern Company (The),42.73,43334034827,n/a,United States,n/a,Public Utilities,Electric Utilities: Central,https://www.nasdaq.com/symbol/so
SOJA,Southern Company (The),25.86,0,n/a,United States,2015,Public Utilities,Electric Utilities: Central,https://www.nasdaq.com/symbol/soja
SOJB,Southern Company (The),23.8,0,n/a,United States,2016,Public Utilities,Electric Utilities: Central,https://www.nasdaq.com/symbol/sojb
SOJC,Southern Company (The),23.48,0,n/a,United States,2017,Public Utilities,Electric Utilities: Central,https://www.nasdaq.com/symbol/sojc
SWX,"Southwest Gas Holdings, Inc.",78.04,3834404015,n/a,United States,n/a,Public Utilities,Oil & Gas Production,https://www.nasdaq.com/symbol/swx
SWN,Southwestern Energy Company,5.74,3365376189,n/a,United States,n/a,Energy,Oil & Gas Production,https://www.nasdaq.com/symbol/swn
SPKE,"Spark Energy, Inc.",7.95,277286762.1,n/a,United States,2014,Public Utilities,Power Generation,https://www.nasdaq.com/symbol/spke
SPKEP,"Spark Energy, Inc.",24.4,0,n/a,United States,n/a,Public Utilities,Power Generation,https://www.nasdaq.com/symbol/spkep
SEP,"Spectra Energy Partners, LP",36.62,17756923416,n/a,United States,2007,Public Utilities,Natural Gas Distribution,https://www.nasdaq.com/symbol/sep
SR,Spire Inc.,72.85,3691243352,n/a,United States,n/a,Public Utilities,Oil/Gas Transmission,https://www.nasdaq.com/symbol/sr
SRCI,SRC Energy Inc.,8.56,2075958574,n/a,United States,n/a,Energy,Oil & Gas Production,https://www.nasdaq.com/symbol/srci
SMLP,"Summit Midstream Partners, LP",14.9,1093001048,n/a,United States,2012,Public Utilities,Natural Gas Distribution,https://www.nasdaq.com/symbol/smlp
SU,Suncor Energy  Inc.,38.8,63156888374,n/a,Canada,n/a,Energy,Integrated oil Companies,https://www.nasdaq.com/symbol/su
SNDE,Sundance Energy Australia Limited,5.75,394892560.3,n/a,United States,n/a,Energy,Oil & Gas Production,https://www.nasdaq.com/symbol/snde
SUN,Sunoco LP,28.57,2825983065,n/a,United States,2012,Energy,Oil Refining/Marketing,https://www.nasdaq.com/symbol/sun
SPN,"Superior Energy Services, Inc.",10.03,1549892039,n/a,United States,n/a,Energy,Oilfield Services/Equipment,https://www.nasdaq.com/symbol/spn
TGE,"Tallgrass Energy, LP",23.38,6550696192,n/a,United States,2015,Public Utilities,Natural Gas Distribution,https://www.nasdaq.com/symbol/tge
TRGP,"Targa Resources, Inc.",56.12,12658347510,n/a,United States,2010,Public Utilities,Natural Gas Distribution,https://www.nasdaq.com/symbol/trgp
TCP,"TC PipeLines, LP",30.64,2243043973,n/a,United States,n/a,Public Utilities,Natural Gas Distribution,https://www.nasdaq.com/symbol/tcp
TELL,Tellurian Inc.,9.08,2183944427,n/a,United States,n/a,Energy,Oil & Gas Production,https://www.nasdaq.com/symbol/tell
TGC,"Tengasco, Inc.",1.11,11793187.23,n/a,United States,n/a,Energy,Oil & Gas Production,https://www.nasdaq.com/symbol/tgc
TVC,Tennessee Valley Authority,25.03,0,n/a,United States,n/a,Public Utilities,Electric Utilities: Central,https://www.nasdaq.com/symbol/tvc
TVE,Tennessee Valley Authority,24.8,0,n/a,United States,n/a,Public Utilities,Electric Utilities: Central,https://www.nasdaq.com/symbol/tve
TERP,"TerraForm Power, Inc.",11.53,2410480663,n/a,United States,2014,Public Utilities,Electric Utilities: Central,https://www.nasdaq.com/symbol/terp
TTI,"Tetra Technologies, Inc.",4.72,593206919,n/a,United States,n/a,Energy,Oil & Gas Production,https://www.nasdaq.com/symbol/tti
TPL,Texas Pacific Land Trust,854.99,6659026346,n/a,United States,n/a,Energy,Oil & Gas Production,https://www.nasdaq.com/symbol/tpl
AES,The AES Corporation,13.7,9065063484,n/a,United States,n/a,Basic Industries,Electric Utilities: Central,https://www.nasdaq.com/symbol/aes
TRCH,"Torchlight Energy Resources, Inc.",1.025,71813935.4,n/a,United States,n/a,Energy,Oil & Gas Production,https://www.nasdaq.com/symbol/trch
TAC,TransAlta Corporation,5.6,1608970535,n/a,Canada,n/a,Public Utilities,Electric Utilities: Central,https://www.nasdaq.com/symbol/tac
TRP,TransCanada Corporation,41.12,37308276168,n/a,Canada,n/a,Public Utilities,Natural Gas Distribution,https://www.nasdaq.com/symbol/trp
TGA,TransGlobe Energy Corporation,3.44,248386469.4,n/a,Canada,n/a,Energy,Oil & Gas Production,https://www.nasdaq.com/symbol/tga
TLP,TransMontaigne Partners L.P.,38.74,628446129.7,n/a,United States,2005,Energy,Natural Gas Distribution,https://www.nasdaq.com/symbol/tlp
TREC,Trecora Resources,14.1,345261821.4,n/a,United States,n/a,Energy,Integrated oil Companies,https://www.nasdaq.com/symbol/trec
USEG,U.S. Energy Corp.,0.9956,13051355.25,n/a,United States,n/a,Energy,Oil & Gas Production,https://www.nasdaq.com/symbol/useg
UGI,UGI Corporation,54.34,9447660211,n/a,United States,n/a,Public Utilities,Natural Gas Distribution,https://www.nasdaq.com/symbol/ugi
UPL,Ultra Petroleum Corp.,1.26,248289195.4,n/a,United States,n/a,Energy,Oil & Gas Production,https://www.nasdaq.com/symbol/upl
UNT,Unit Corporation,25.31,1368937060,n/a,United States,n/a,Energy,Oil & Gas Production,https://www.nasdaq.com/symbol/unt
UTL,UNITIL Corporation,51.04,758804126.1,n/a,United States,n/a,Public Utilities,Power Generation,https://www.nasdaq.com/symbol/utl
USAC,"USA Compression Partners, LP",16.51,1590764652,n/a,United States,2013,Public Utilities,Natural Gas Distribution,https://www.nasdaq.com/symbol/usac
EGY,"VAALCO Energy, Inc. ",2.59,153964331.9,n/a,United States,n/a,Energy,Oil & Gas Production,https://www.nasdaq.com/symbol/egy
VLO,Valero Energy Corporation,116.76,49902993633,n/a,United States,n/a,Energy,Integrated oil Companies,https://www.nasdaq.com/symbol/vlo
VVC,Vectren Corporation,71.29,5922822747,n/a,United States,n/a,Public Utilities,Natural Gas Distribution,https://www.nasdaq.com/symbol/vvc
VET,Vermilion Energy Inc.,33.5,5105663377,n/a,Canada,n/a,Energy,Oil & Gas Production,https://www.nasdaq.com/symbol/vet
VTNR,"Vertex Energy, Inc",1.77,61994317.26,n/a,United States,n/a,Energy,Integrated oil Companies,https://www.nasdaq.com/symbol/vtnr
VNOM,Viper Energy Partners LP,42.46,5263735501,n/a,United States,2014,Energy,Oil & Gas Production,https://www.nasdaq.com/symbol/vnom
DYNC,Vistra Energy Corp.,94.1243,0,n/a,United States,2016,Public Utilities,Electric Utilities: Central,https://www.nasdaq.com/symbol/dync
VOC,VOC Energy Trust,5.36,91120000,n/a,United States,2011,Energy,Oil & Gas Production,https://www.nasdaq.com/symbol/voc
WTI,"W&T Offshore, Inc.",8.88,1235685726,n/a,United States,2005,Energy,Oil & Gas Production,https://www.nasdaq.com/symbol/wti
HCC,"Warrior Met Coal, Inc.",27.44,1448554444,n/a,United States,2017,Energy,Coal Mining,https://www.nasdaq.com/symbol/hcc
WEC,"WEC Energy Group, Inc.",65.75,20746324206,n/a,United States,n/a,Public Utilities,Power Generation,https://www.nasdaq.com/symbol/wec
WGP,"Western Gas Equity Partners, LP",30.2,6611921469,n/a,United States,2012,Public Utilities,Natural Gas Distribution,https://www.nasdaq.com/symbol/wgp
WES,"Western Gas Partners, LP",43.44,7227875172,n/a,United States,2008,Public Utilities,Natural Gas Distribution,https://www.nasdaq.com/symbol/wes
WMLP,"Westmoreland Resource Partners, LP",1.97,2531134.8,n/a,United States,2015,Energy,Coal Mining,https://www.nasdaq.com/symbol/wmlp
WLL,Whiting Petroleum Corporation,52.14,4743038411,n/a,United States,2003,Energy,Oil & Gas Production,https://www.nasdaq.com/symbol/wll
WRD,WildHorse Resource Development Corporation,23.18,2364487838,n/a,United States,2016,Energy,Oil & Gas Production,https://www.nasdaq.com/symbol/wrd
WMB,"Williams Companies, Inc. (The)",27.26,32967509915,n/a,United States,n/a,Public Utilities,Natural Gas Distribution,https://www.nasdaq.com/symbol/wmb
INT,World Fuel Services Corporation,28.76,1954072028,n/a,United States,n/a,Energy,Oil Refining/Marketing,https://www.nasdaq.com/symbol/int
WPX,"WPX Energy, Inc.",19.37,8135667868,n/a,United States,2011,Energy,Oil & Gas Production,https://www.nasdaq.com/symbol/wpx
XEL,Xcel Energy Inc.,46.61,23728550057,n/a,United States,n/a,Public Utilities,Power Generation,https://www.nasdaq.com/symbol/xel
YUMA,"Yuma Energy, Inc.",0.3116,7242756.551,n/a,United States,n/a,Energy,Oil & Gas Production,https://www.nasdaq.com/symbol/yuma
ZN,Zion Oil & Gas Inc,0.9079,53868952.74,n/a,United States,n/a,Energy,Oil & Gas Production,https://www.nasdaq.com/symbol/zn
ZNWAA,Zion Oil & Gas Inc,n/a,0,n/a,United States,n/a,Energy,Oil & Gas Production,https://www.nasdaq.com/symbol/znwaa